-- phpMyAdmin SQL Dump
-- version 4.6.4
-- https://www.phpmyadmin.net/
--
-- Client :  127.0.0.1
-- Généré le :  Mar 30 Mai 2017 à 10:10
-- Version du serveur :  5.7.14
-- Version de PHP :  5.6.25

SET SQL_MODE = "NO_AUTO_VALUE_ON_ZERO";
SET time_zone = "+00:00";


/*!40101 SET @OLD_CHARACTER_SET_CLIENT=@@CHARACTER_SET_CLIENT */;
/*!40101 SET @OLD_CHARACTER_SET_RESULTS=@@CHARACTER_SET_RESULTS */;
/*!40101 SET @OLD_COLLATION_CONNECTION=@@COLLATION_CONNECTION */;
/*!40101 SET NAMES utf8mb4 */;

--
-- Base de données :  `dudeego`
--

-- --------------------------------------------------------

--
-- Structure de la table `e_a__demande__inscription`
--

CREATE TABLE `e_a__demande__inscription` (
  `id` int(11) NOT NULL,
  `physique_id` int(11) NOT NULL,
  `documentinscription_id` int(11) DEFAULT NULL,
  `etat` varchar(255) COLLATE utf8_unicode_ci NOT NULL,
  `type` varchar(255) COLLATE utf8_unicode_ci NOT NULL,
  `etablissement` varchar(255) COLLATE utf8_unicode_ci DEFAULT NULL,
  `partenaire` varchar(255) COLLATE utf8_unicode_ci DEFAULT NULL
) ENGINE=InnoDB DEFAULT CHARSET=utf8 COLLATE=utf8_unicode_ci;

-- --------------------------------------------------------

--
-- Structure de la table `e_a__document`
--

CREATE TABLE `e_a__document` (
  `id` int(11) NOT NULL,
  `passeport_name` varchar(255) COLLATE utf8_unicode_ci DEFAULT NULL,
  `updated_at` datetime DEFAULT NULL,
  `carte_identite_name` varchar(255) COLLATE utf8_unicode_ci DEFAULT NULL,
  `bulletin_note_name` varchar(255) COLLATE utf8_unicode_ci DEFAULT NULL,
  `bac_name` varchar(255) COLLATE utf8_unicode_ci DEFAULT NULL,
  `credential_name` varchar(255) COLLATE utf8_unicode_ci DEFAULT NULL,
  `lettre_recommendation_name` varchar(255) COLLATE utf8_unicode_ci DEFAULT NULL,
  `lettre_motivation_name` varchar(255) COLLATE utf8_unicode_ci DEFAULT NULL
) ENGINE=InnoDB DEFAULT CHARSET=utf8 COLLATE=utf8_unicode_ci;

--
-- Contenu de la table `e_a__document`
--

INSERT INTO `e_a__document` (`id`, `passeport_name`, `updated_at`, `carte_identite_name`, `bulletin_note_name`, `bac_name`, `credential_name`, `lettre_recommendation_name`, `lettre_motivation_name`) VALUES
(7, NULL, NULL, NULL, NULL, NULL, NULL, NULL, NULL),
(8, NULL, NULL, NULL, NULL, NULL, NULL, NULL, NULL),
(10, NULL, NULL, NULL, NULL, NULL, NULL, NULL, NULL);

-- --------------------------------------------------------

--
-- Structure de la table `e_a__document__inscription`
--

CREATE TABLE `e_a__document__inscription` (
  `id` int(11) NOT NULL,
  `nom` varchar(255) COLLATE utf8_unicode_ci NOT NULL,
  `pdf_name` varchar(255) COLLATE utf8_unicode_ci DEFAULT NULL,
  `updated_at` datetime DEFAULT NULL
) ENGINE=InnoDB DEFAULT CHARSET=utf8 COLLATE=utf8_unicode_ci;

-- --------------------------------------------------------

--
-- Structure de la table `e_a__f_a_q`
--

CREATE TABLE `e_a__f_a_q` (
  `id` int(11) NOT NULL,
  `question` varchar(255) COLLATE utf8_unicode_ci NOT NULL,
  `reponse` text COLLATE utf8_unicode_ci NOT NULL
) ENGINE=InnoDB DEFAULT CHARSET=utf8 COLLATE=utf8_unicode_ci;

--
-- Contenu de la table `e_a__f_a_q`
--

INSERT INTO `e_a__f_a_q` (`id`, `question`, `reponse`) VALUES
(1, 'Lorem ipsum dolor sit amet, consectetur adipiscing elit?', 'Anim pariatur cliche reprehenderit, enim eiusmod high life accusamus terry richardson ad squid. 3 wolf moon officia aute, non cupidatat skateboard dolor brunch. Food truck quinoa nesciunt laborum eiusmod. Brunch 3 wolf moon tempor, sunt aliqua put a bird on it squid single-origin coffee nulla assumenda shoreditch et. Nihil anim keffiyeh helvetica, craft beer labore wes anderson cred nesciunt sapiente ea proident. Ad vegan excepteur butcher vice lomo. Leggings occaecat craft beer farm-to-table, raw denim aesthetic synth nesciunt you probably haven\'t heard of them accusamus labore sustainable VHS.'),
(2, 'Curabitur eget leo at velit imperdiet varius. In eu ipsum vitae velit congue iaculis vitae at risus?', 'Anim pariatur cliche reprehenderit, enim eiusmod high life accusamus terry richardson ad squid. 3 wolf moon officia aute, non cupidatat skateboard dolor brunch. Food truck quinoa nesciunt laborum eiusmod. Brunch 3 wolf moon tempor, sunt aliqua put a bird on it squid single-origin coffee nulla assumenda shoreditch et. Nihil anim keffiyeh helvetica, craft beer labore wes anderson cred nesciunt sapiente ea proident. Ad vegan excepteur butcher vice lomo. Leggings occaecat craft beer farm-to-table, raw denim aesthetic synth nesciunt you probably haven\'t heard of them accusamus labore sustainable VHS.'),
(3, 'Lorem ipsum dolor sit amet, consectetur adipiscing elit?', 'Anim pariatur cliche reprehenderit, enim eiusmod high life accusamus terry richardson ad squid. 3 wolf moon officia aute, non cupidatat skateboard dolor brunch. Food truck quinoa nesciunt laborum eiusmod. Brunch 3 wolf moon tempor, sunt aliqua put a bird on it squid single-origin coffee nulla assumenda shoreditch et. Nihil anim keffiyeh helvetica, craft beer labore wes anderson cred nesciunt sapiente ea proident. Ad vegan excepteur butcher vice lomo. Leggings occaecat craft beer farm-to-table, raw denim aesthetic synth nesciunt you probably haven\'t heard of them accusamus labore sustainable VHS.'),
(4, 'Curabitur eget leo at velit imperdiet varius. In eu ipsum vitae velit congue iaculis vitae at risus?', 'Anim pariatur cliche reprehenderit, enim eiusmod high life accusamus terry richardson ad squid. 3 wolf moon officia aute, non cupidatat skateboard dolor brunch. Food truck quinoa nesciunt laborum eiusmod. Brunch 3 wolf moon tempor, sunt aliqua put a bird on it squid single-origin coffee nulla assumenda shoreditch et. Nihil anim keffiyeh helvetica, craft beer labore wes anderson cred nesciunt sapiente ea proident. Ad vegan excepteur butcher vice lomo. Leggings occaecat craft beer farm-to-table, raw denim aesthetic synth nesciunt you probably haven\'t heard of them accusamus labore sustainable VHS.'),
(5, 'Lorem ipsum dolor sit amet, consectetur adipiscing elit?', 'Anim pariatur cliche reprehenderit, enim eiusmod high life accusamus terry richardson ad squid. 3 wolf moon officia aute, non cupidatat skateboard dolor brunch. Food truck quinoa nesciunt laborum eiusmod. Brunch 3 wolf moon tempor, sunt aliqua put a bird on it squid single-origin coffee nulla assumenda shoreditch et. Nihil anim keffiyeh helvetica, craft beer labore wes anderson cred nesciunt sapiente ea proident. Ad vegan excepteur butcher vice lomo. Leggings occaecat craft beer farm-to-table, raw denim aesthetic synth nesciunt you probably haven\'t heard of them accusamus labore sustainable VHS.'),
(6, 'Curabitur eget leo at velit imperdiet varius. In eu ipsum vitae velit congue iaculis vitae at risus?', 'Anim pariatur cliche reprehenderit, enim eiusmod high life accusamus terry richardson ad squid. 3 wolf moon officia aute, non cupidatat skateboard dolor brunch. Food truck quinoa nesciunt laborum eiusmod. Brunch 3 wolf moon tempor, sunt aliqua put a bird on it squid single-origin coffee nulla assumenda shoreditch et. Nihil anim keffiyeh helvetica, craft beer labore wes anderson cred nesciunt sapiente ea proident. Ad vegan excepteur butcher vice lomo. Leggings occaecat craft beer farm-to-table, raw denim aesthetic synth nesciunt you probably haven\'t heard of them accusamus labore sustainable VHS.'),
(7, 'Lorem ipsum dolor sit amet, consectetur adipiscing elit?', 'Anim pariatur cliche reprehenderit, enim eiusmod high life accusamus terry richardson ad squid. 3 wolf moon officia aute, non cupidatat skateboard dolor brunch. Food truck quinoa nesciunt laborum eiusmod. Brunch 3 wolf moon tempor, sunt aliqua put a bird on it squid single-origin coffee nulla assumenda shoreditch et. Nihil anim keffiyeh helvetica, craft beer labore wes anderson cred nesciunt sapiente ea proident. Ad vegan excepteur butcher vice lomo. Leggings occaecat craft beer farm-to-table, raw denim aesthetic synth nesciunt you probably haven\'t heard of them accusamus labore sustainable VHS.'),
(8, 'Curabitur eget leo at velit imperdiet varius. In eu ipsum vitae velit congue iaculis vitae at risus?', 'Anim pariatur cliche reprehenderit, enim eiusmod high life accusamus terry richardson ad squid. 3 wolf moon officia aute, non cupidatat skateboard dolor brunch. Food truck quinoa nesciunt laborum eiusmod. Brunch 3 wolf moon tempor, sunt aliqua put a bird on it squid single-origin coffee nulla assumenda shoreditch et. Nihil anim keffiyeh helvetica, craft beer labore wes anderson cred nesciunt sapiente ea proident. Ad vegan excepteur butcher vice lomo. Leggings occaecat craft beer farm-to-table, raw denim aesthetic synth nesciunt you probably haven\'t heard of them accusamus labore sustainable VHS.');

-- --------------------------------------------------------

--
-- Structure de la table `e_a__image`
--

CREATE TABLE `e_a__image` (
  `id` int(11) NOT NULL,
  `image_name` varchar(255) COLLATE utf8_unicode_ci DEFAULT NULL,
  `image_size` int(11) DEFAULT NULL,
  `updated_at` datetime DEFAULT NULL
) ENGINE=InnoDB DEFAULT CHARSET=utf8 COLLATE=utf8_unicode_ci;

--
-- Contenu de la table `e_a__image`
--

INSERT INTO `e_a__image` (`id`, `image_name`, `image_size`, `updated_at`) VALUES
(6, NULL, NULL, NULL),
(7, NULL, NULL, NULL),
(9, NULL, NULL, NULL);

-- --------------------------------------------------------

--
-- Structure de la table `e_a__langue`
--

CREATE TABLE `e_a__langue` (
  `id` int(11) NOT NULL,
  `morale_id` int(11) NOT NULL,
  `langue` varchar(255) COLLATE utf8_unicode_ci NOT NULL
) ENGINE=InnoDB DEFAULT CHARSET=utf8 COLLATE=utf8_unicode_ci;

-- --------------------------------------------------------

--
-- Structure de la table `e_a__morale`
--

CREATE TABLE `e_a__morale` (
  `id` int(11) NOT NULL,
  `personne_id` int(11) DEFAULT NULL,
  `raisonsocial` varchar(255) COLLATE utf8_unicode_ci NOT NULL,
  `siret` varchar(255) COLLATE utf8_unicode_ci DEFAULT NULL,
  `fax` varchar(255) COLLATE utf8_unicode_ci DEFAULT NULL,
  `naf` varchar(255) COLLATE utf8_unicode_ci DEFAULT NULL,
  `url` varchar(255) COLLATE utf8_unicode_ci DEFAULT NULL,
  `alt` varchar(255) COLLATE utf8_unicode_ci DEFAULT NULL
) ENGINE=InnoDB DEFAULT CHARSET=utf8 COLLATE=utf8_unicode_ci;

--
-- Contenu de la table `e_a__morale`
--

INSERT INTO `e_a__morale` (`id`, `personne_id`, `raisonsocial`, `siret`, `fax`, `naf`, `url`, `alt`) VALUES
(2, 6, 'AVA', NULL, NULL, NULL, 'https://www.ava.fr/blog/produit/plan-sante-studies/', 'lien vers Ava Assurance');

-- --------------------------------------------------------

--
-- Structure de la table `e_a__personne`
--

CREATE TABLE `e_a__personne` (
  `id` int(11) NOT NULL,
  `numero` int(11) DEFAULT NULL,
  `rue` varchar(255) COLLATE utf8_unicode_ci DEFAULT NULL,
  `codepostal` varchar(255) COLLATE utf8_unicode_ci DEFAULT NULL,
  `ville` varchar(255) COLLATE utf8_unicode_ci DEFAULT NULL,
  `pays` varchar(255) COLLATE utf8_unicode_ci DEFAULT NULL,
  `gsm` varchar(255) COLLATE utf8_unicode_ci DEFAULT NULL,
  `telephone` varchar(255) COLLATE utf8_unicode_ci DEFAULT NULL,
  `courriel` varchar(255) COLLATE utf8_unicode_ci DEFAULT NULL
) ENGINE=InnoDB DEFAULT CHARSET=utf8 COLLATE=utf8_unicode_ci;

--
-- Contenu de la table `e_a__personne`
--

INSERT INTO `e_a__personne` (`id`, `numero`, `rue`, `codepostal`, `ville`, `pays`, `gsm`, `telephone`, `courriel`) VALUES
(6, 25, 'Rue de Maubeuge', '75009', 'Paris', 'France', NULL, '01.53.20.44.28', ''),
(7, NULL, NULL, NULL, NULL, NULL, NULL, NULL, NULL),
(8, NULL, NULL, NULL, NULL, NULL, NULL, NULL, ''),
(9, 2, NULL, NULL, NULL, NULL, NULL, NULL, NULL);

-- --------------------------------------------------------

--
-- Structure de la table `e_a__physique`
--

CREATE TABLE `e_a__physique` (
  `id` int(11) NOT NULL,
  `personne_id` int(11) DEFAULT NULL,
  `nom` varchar(255) COLLATE utf8_unicode_ci NOT NULL,
  `prenom` varchar(255) COLLATE utf8_unicode_ci NOT NULL,
  `datenaissance` datetime DEFAULT NULL,
  `numerocarteid` varchar(255) COLLATE utf8_unicode_ci DEFAULT NULL,
  `image_id` int(11) DEFAULT NULL,
  `documents_id` int(11) DEFAULT NULL
) ENGINE=InnoDB DEFAULT CHARSET=utf8 COLLATE=utf8_unicode_ci;

--
-- Contenu de la table `e_a__physique`
--

INSERT INTO `e_a__physique` (`id`, `personne_id`, `nom`, `prenom`, `datenaissance`, `numerocarteid`, `image_id`, `documents_id`) VALUES
(3, 7, 'Nom', 'Prénom', '2017-05-30 00:00:00', 'azerty', 6, 7),
(4, 8, 'Doe', 'Jane', NULL, NULL, 7, 8),
(5, 9, 'Doe', 'Jane', '2017-05-30 00:00:00', 'azerty', 9, 10);

-- --------------------------------------------------------

--
-- Structure de la table `fos_user`
--

CREATE TABLE `fos_user` (
  `id` int(11) NOT NULL,
  `physique_id` int(11) NOT NULL,
  `username` varchar(180) COLLATE utf8_unicode_ci NOT NULL,
  `username_canonical` varchar(180) COLLATE utf8_unicode_ci NOT NULL,
  `email` varchar(180) COLLATE utf8_unicode_ci NOT NULL,
  `email_canonical` varchar(180) COLLATE utf8_unicode_ci NOT NULL,
  `enabled` tinyint(1) NOT NULL,
  `salt` varchar(255) COLLATE utf8_unicode_ci DEFAULT NULL,
  `password` varchar(255) COLLATE utf8_unicode_ci NOT NULL,
  `last_login` datetime DEFAULT NULL,
  `confirmation_token` varchar(180) COLLATE utf8_unicode_ci DEFAULT NULL,
  `password_requested_at` datetime DEFAULT NULL,
  `roles` longtext COLLATE utf8_unicode_ci NOT NULL COMMENT '(DC2Type:array)'
) ENGINE=InnoDB DEFAULT CHARSET=utf8 COLLATE=utf8_unicode_ci;

--
-- Contenu de la table `fos_user`
--

INSERT INTO `fos_user` (`id`, `physique_id`, `username`, `username_canonical`, `email`, `email_canonical`, `enabled`, `salt`, `password`, `last_login`, `confirmation_token`, `password_requested_at`, `roles`) VALUES
(3, 3, 'user', 'user', 'user@user.fr', 'user@user.fr', 1, NULL, '$2y$13$Hakfr7qxBEAdTA7TDPkBOekP/cejO/KS7pd/r4BeZPmEDHxnTAiIu', '2017-05-30 10:08:55', '9DlmuAy9n3ge1KYR_boJTAG84d3HWgu7ZlgWMnwUXDc', '2017-05-29 17:37:44', 'a:0:{}'),
(4, 4, 'test', 'test', 'test@rien.fr', 'test@rien.fr', 1, NULL, '$2y$13$PcAcRI8RRlNCICM8G5KyUOVZmGt5UrO8oOD1CqxQHklF1ID7NJpd.', '2017-05-30 08:03:20', NULL, NULL, 'a:0:{}'),
(5, 5, 'teste', 'teste', 'test@test.fr', 'test@test.fr', 1, NULL, '$2y$13$FkN4IQVLc.aqufqGgXJsMOrWaxCIf48YYdfHgRn20fshKbdBaGNRy', '2017-05-30 08:11:51', NULL, NULL, 'a:0:{}');

-- --------------------------------------------------------

--
-- Structure de la table `t_formation_universite_t_universite`
--

CREATE TABLE `t_formation_universite_t_universite` (
  `t_formation_universite_id` int(11) NOT NULL,
  `t_universite_id` int(11) NOT NULL
) ENGINE=InnoDB DEFAULT CHARSET=utf8 COLLATE=utf8_unicode_ci;

--
-- Contenu de la table `t_formation_universite_t_universite`
--

INSERT INTO `t_formation_universite_t_universite` (`t_formation_universite_id`, `t_universite_id`) VALUES
(1, 1),
(1, 2),
(1, 3),
(1, 4),
(1, 6),
(1, 8),
(1, 9),
(1, 10),
(1, 11),
(1, 12),
(1, 13),
(1, 14),
(1, 17),
(1, 23),
(1, 24),
(1, 52),
(1, 53),
(18, 1),
(18, 2),
(18, 4),
(18, 9),
(18, 13),
(18, 14),
(18, 20),
(18, 21),
(18, 28),
(18, 29),
(18, 31),
(18, 54),
(18, 55),
(18, 56),
(18, 58),
(18, 59),
(18, 60),
(18, 62),
(36, 1),
(36, 2),
(36, 4),
(36, 6),
(36, 8),
(36, 9),
(36, 12),
(36, 14),
(36, 18),
(36, 20),
(36, 27),
(36, 31),
(36, 55),
(49, 1),
(49, 16),
(52, 2),
(52, 6),
(52, 14),
(52, 19),
(52, 25),
(52, 26),
(52, 27),
(60, 1),
(60, 2),
(60, 4),
(60, 6),
(60, 9),
(60, 14),
(60, 15),
(60, 20),
(60, 21),
(60, 25),
(60, 26),
(60, 28),
(60, 29),
(60, 31),
(60, 54),
(60, 55),
(60, 56),
(60, 58),
(60, 59),
(60, 60),
(60, 62),
(119, 1),
(119, 9),
(119, 15),
(119, 17),
(119, 20),
(119, 21),
(119, 25),
(119, 26),
(119, 28),
(119, 29),
(119, 31),
(119, 54),
(119, 55),
(119, 56),
(119, 58),
(119, 59),
(119, 60),
(119, 62),
(139, 19),
(140, 10),
(140, 11),
(140, 15),
(140, 53),
(143, 10),
(144, 12),
(145, 12),
(146, 15),
(146, 25),
(146, 31),
(149, 29),
(150, 15),
(151, 16),
(152, 63);

-- --------------------------------------------------------

--
-- Structure de la table `t_langue_universite_t_formation_universite`
--

CREATE TABLE `t_langue_universite_t_formation_universite` (
  `t_langue_universite_id` int(11) NOT NULL,
  `t_formation_universite_id` int(11) NOT NULL
) ENGINE=InnoDB DEFAULT CHARSET=utf8 COLLATE=utf8_unicode_ci;

--
-- Contenu de la table `t_langue_universite_t_formation_universite`
--

INSERT INTO `t_langue_universite_t_formation_universite` (`t_langue_universite_id`, `t_formation_universite_id`) VALUES
(1, 1),
(2, 1),
(2, 18),
(2, 36),
(2, 49),
(2, 52),
(2, 60),
(2, 119),
(2, 139),
(2, 140),
(2, 143),
(2, 144),
(2, 145),
(2, 151),
(3, 1),
(3, 18),
(3, 36),
(3, 52),
(3, 60),
(3, 119),
(3, 139),
(3, 140),
(3, 146),
(3, 149),
(3, 150),
(27, 152);

-- --------------------------------------------------------

--
-- Structure de la table `t__adresse__universite`
--

CREATE TABLE `t__adresse__universite` (
  `id` int(11) NOT NULL,
  `ville_id` int(11) NOT NULL,
  `numero` int(11) DEFAULT NULL,
  `rue` varchar(255) COLLATE utf8_unicode_ci NOT NULL
) ENGINE=InnoDB DEFAULT CHARSET=utf8 COLLATE=utf8_unicode_ci;

--
-- Contenu de la table `t__adresse__universite`
--

INSERT INTO `t__adresse__universite` (`id`, `ville_id`, `numero`, `rue`) VALUES
(1, 1, NULL, 'Calle Tajo, '),
(2, 2, 30, 'Avda. Aragón, '),
(3, 3, 1, 'Calle Inocencio García,'),
(4, 4, 135, 'Av. de los Jerónimos, '),
(5, 5, NULL, 'Carretera Pozuelo a Majadahonda, '),
(15, 6, 49, 'Urb. Villafranca del Castillo, Calle Castillo de Alarcón,'),
(16, 7, NULL, 'Passeig de Sant Gervasi,'),
(17, 8, NULL, 'Autovía Mudéjar,'),
(18, 9, NULL, ' Calle de los Canteros,'),
(19, 10, 4, 'Av. Universitària, '),
(20, 11, 22, 'Carrer de la Immaculada, '),
(21, 12, 18, 'Campus de Moncloa, Calle Julián Romea,'),
(22, 13, 1, 'Calle de Irunlarrea,'),
(23, 14, 14, 'Paseo Miguel Unamuno,'),
(39, 15, 6, 'Diogenous'),
(40, 16, NULL, 'Bethlen Gábor tér'),
(41, 17, NULL, 'Műegyetem rakpart. 3-9. Bldg 116'),
(42, 18, NULL, 'Dohány u. 1-3'),
(43, 19, 2, 'Dugonics tér'),
(44, 20, 1, 'Páter Károly u.'),
(45, 21, NULL, 'L-, 50 Avenue du Parc des Sports, 4671 '),
(46, 22, NULL, 'ROUTE PROVINCIALE'),
(47, 23, NULL, 'Marii Skłodowskiej-Curie 3A'),
(48, 24, 24, 'Gołębia'),
(49, 25, 68, 'ul. Prez. Gabriela Narutowicza'),
(50, 26, 1, 'Aleje Racławickie'),
(51, 27, 41, 'JACKOWSKIEGO ST'),
(52, 28, 26, 'Krakowskie Przedmieście '),
(53, 29, 1, 'plac Uniwersytecki'),
(74, 30, NULL, 'Fábrica da Pólvora de Barcarena'),
(75, 31, NULL, 'Avenida Jorge Peixinho,'),
(76, 32, 37, 'Strada Dionisie Lupu'),
(77, 33, NULL, 'Bulevardul Mamaia'),
(78, 34, 16, 'Strada Universității'),
(79, 35, 2, 'Piața Eftimie Murgu'),
(80, 36, 38, 'Strada Gheorghe Marinescu '),
(81, 37, 94, 'Bulevardul Revoluției'),
(82, 38, NULL, 'Cluj-Napoca'),
(83, 39, NULL, 'Campus Universita'),
(84, 40, 12313, 'test');

-- --------------------------------------------------------

--
-- Structure de la table `t__document__universite`
--

CREATE TABLE `t__document__universite` (
  `id` int(11) NOT NULL,
  `universite_id` int(11) NOT NULL,
  `pdf_name` varchar(255) COLLATE utf8_unicode_ci DEFAULT NULL,
  `updated_at` datetime NOT NULL
) ENGINE=InnoDB DEFAULT CHARSET=utf8 COLLATE=utf8_unicode_ci;

--
-- Contenu de la table `t__document__universite`
--

INSERT INTO `t__document__universite` (`id`, `universite_id`, `pdf_name`, `updated_at`) VALUES
(2, 52, '59243d3a487f0_BOLETIM DE MATRÍCULA - 1.º Ciclo.pdf', '2017-05-23 13:46:34'),
(3, 52, '59243d58e9c93_boletim_de_candidatura_regime_geral.pdf', '2017-05-23 13:47:04'),
(4, 52, '59243d73e0346_Modelo do Pré-requisito.pdf', '2017-05-23 13:47:31'),
(5, 11, '59243fa8e4338_ANEXOI ADMISION.A.EXTRANJEROS.GUIA.ACADEMICA.16.17.pdf', '2017-05-23 13:56:56'),
(6, 11, '59243fc74b9a8_ANEXOII S-AGP.ADMISION.GRADO.PRESENCIAL.16.17.pdf', '2017-05-23 13:57:27'),
(7, 1, '59243fe4ef255_RIB.pdf', '2017-05-23 13:57:56'),
(8, 1, '59243ffb8b293_Université Madrid.pdf', '2017-05-23 13:58:19'),
(9, 1, '5924405feb463_page 1.pdf', '2017-05-23 13:59:59'),
(10, 1, '5924407152b4d_page 3.pdf', '2017-05-23 14:00:17'),
(11, 1, '5924408328bfe_SOLICITUD - APPLICATION CFGS 2016-2017.pdf', '2017-05-23 14:00:35'),
(12, 2, '5924409c67433_Consentimiento de practicas (ejemplar para la universidad)_UE Valencia_INGLES-2.pdf', '2017-05-23 14:01:00'),
(13, 2, '592440d346cbf_Exemple dossier inscription UEM-4.pdf', '2017-05-23 14:01:55'),
(14, 2, '592440f81798c_FR - ADMISIONES INT. OD-DEN-FIS 2017-18-2.pdf', '2017-05-23 14:02:32'),
(15, 2, '592441179eeca_Language information-2.pdf', '2017-05-23 14:03:03'),
(16, 2, '5924413235d75_SOLICITUD DE INGRESO VALENCIA.pdf', '2017-05-23 14:03:30'),
(17, 3, '5924417246270_dossier exemple-2.pdf', '2017-05-23 14:04:34'),
(18, 3, '5924418f329dc_SOLICITUD ADMISION GRADO 15-16.pdf', '2017-05-23 14:05:03'),
(19, 53, '592442116c162_Formulaire de Candidature.pdf', '2017-05-23 14:07:13'),
(20, 24, '592442606812a_dossier_inscription_uic_.pdf', '2017-05-23 14:08:32'),
(21, 8, '5924429c68e19_Solicitud de Admisión UCJC.pdf', '2017-05-23 14:09:32'),
(22, 23, '592442b7116d8_Checkliste_HumanMovement_ENG-1.pdf', '2017-05-23 14:09:59'),
(23, 23, '592442cc37a1e_Checkliste_Physio_ENG-1.pdf', '2017-05-23 14:10:20'),
(24, 23, '592442dfd4e1d_Checkliste_SpoMmgt_ENG-1.pdf', '2017-05-23 14:10:39'),
(25, 17, '5924435610594_ApplicationForm_MD.PDF', '2017-05-23 14:12:38'),
(26, 17, '5924436c3e006_PAYMENTS ENG 2014.pdf', '2017-05-23 14:13:00'),
(27, 4, '592443c780cd8_Inscription Espagne santé formationsUCAM.pdf', '2017-05-23 14:14:31');

-- --------------------------------------------------------

--
-- Structure de la table `t__formation__universite`
--

CREATE TABLE `t__formation__universite` (
  `id` int(11) NOT NULL,
  `formation` varchar(255) COLLATE utf8_unicode_ci NOT NULL,
  `duree` int(11) NOT NULL,
  `requis` varchar(255) COLLATE utf8_unicode_ci NOT NULL,
  `prix` double NOT NULL,
  `salaire` double NOT NULL,
  `tauxembauche` double NOT NULL,
  `tauxreussite` double NOT NULL,
  `concours` tinyint(1) NOT NULL,
  `niveau` varchar(20) COLLATE utf8_unicode_ci NOT NULL
) ENGINE=InnoDB DEFAULT CHARSET=utf8 COLLATE=utf8_unicode_ci;

--
-- Contenu de la table `t__formation__universite`
--

INSERT INTO `t__formation__universite` (`id`, `formation`, `duree`, `requis`, `prix`, `salaire`, `tauxembauche`, `tauxreussite`, `concours`, `niveau`) VALUES
(1, 'Kinésithérapeute', 0, 'NC', 0, 0, 0, 0, 0, 'NC'),
(18, 'Dentiste', 0, 'NC', 0, 0, 0, 0, 0, 'NC'),
(36, 'Psycologue', 0, 'NC', 0, 0, 0, 0, 0, 'NC'),
(49, 'Audioprothésiste', 0, 'NC', 0, 0, 0, 0, 0, 'NC'),
(52, 'Biotechnologue', 0, 'NC', 0, 0, 0, 0, 0, 'NC'),
(60, 'Pharmacien', 0, 'NC', 0, 0, 0, 0, 0, 'NC'),
(119, 'Médecin', 0, 'NC', 0, 0, 0, 0, 0, 'NC'),
(139, 'Vétérinaire', 0, 'NC', 0, 0, 0, 0, 0, 'NC'),
(140, 'Infirmier', 0, 'NC', 0, 0, 0, 0, 0, 'NC'),
(143, 'Sciences et techniques des activités physiques et sportives', 0, 'NC', 0, 0, 0, 0, 0, 'NC'),
(144, 'Podologie', 0, 'NC', 0, 0, 0, 0, 0, 'NC'),
(145, 'Orthopédiste', 0, 'NC', 0, 0, 0, 0, 0, 'NC'),
(146, 'Science de la santé', 0, 'NC', 0, 0, 0, 0, 0, 'NC'),
(149, 'Physiothérapie', 0, 'NC', 0, 0, 0, 0, 0, 'NC'),
(150, 'Nutrition', 0, 'NC', 0, 0, 0, 0, 0, 'NC'),
(151, 'Prothésiste dentaire', 0, 'NC', 0, 0, 0, 0, 0, 'NC'),
(152, 'test', 4, 'test', 1, 1, 1, 1, 0, 'test');

-- --------------------------------------------------------

--
-- Structure de la table `t__image__universite`
--

CREATE TABLE `t__image__universite` (
  `id` int(11) NOT NULL,
  `universite_id` int(11) DEFAULT NULL,
  `imageName` varchar(255) COLLATE utf8_unicode_ci NOT NULL,
  `image_size` int(11) DEFAULT NULL,
  `updated_at` datetime DEFAULT NULL
) ENGINE=InnoDB DEFAULT CHARSET=utf8 COLLATE=utf8_unicode_ci;

--
-- Contenu de la table `t__image__universite`
--

INSERT INTO `t__image__universite` (`id`, `universite_id`, `imageName`, `image_size`, `updated_at`) VALUES
(7, NULL, '5923ea4880347_Universite de Madrid.jpg', NULL, '2017-05-23 07:52:40');

-- --------------------------------------------------------

--
-- Structure de la table `t__langue__universite`
--

CREATE TABLE `t__langue__universite` (
  `id` int(11) NOT NULL,
  `langue` varchar(255) COLLATE utf8_unicode_ci NOT NULL
) ENGINE=InnoDB DEFAULT CHARSET=utf8 COLLATE=utf8_unicode_ci;

--
-- Contenu de la table `t__langue__universite`
--

INSERT INTO `t__langue__universite` (`id`, `langue`) VALUES
(1, 'Francais'),
(2, 'Espagnol'),
(3, 'Anglais'),
(27, 'test');

-- --------------------------------------------------------

--
-- Structure de la table `t__pays__universite`
--

CREATE TABLE `t__pays__universite` (
  `id` int(11) NOT NULL,
  `pays` varchar(255) COLLATE utf8_unicode_ci NOT NULL
) ENGINE=InnoDB DEFAULT CHARSET=utf8 COLLATE=utf8_unicode_ci;

--
-- Contenu de la table `t__pays__universite`
--

INSERT INTO `t__pays__universite` (`id`, `pays`) VALUES
(1, 'Espagne'),
(2, 'Chypre'),
(3, 'Hongrie'),
(4, 'Luxembourg'),
(5, 'Maroc'),
(6, 'Pologne'),
(7, 'Portugal'),
(8, 'Roumanie'),
(9, 'test');

-- --------------------------------------------------------

--
-- Structure de la table `t__search__universite`
--

CREATE TABLE `t__search__universite` (
  `id` int(11) NOT NULL,
  `formations` varchar(255) COLLATE utf8_unicode_ci NOT NULL,
  `langues` varchar(255) COLLATE utf8_unicode_ci NOT NULL,
  `villes` varchar(255) COLLATE utf8_unicode_ci NOT NULL,
  `pays` varchar(255) COLLATE utf8_unicode_ci NOT NULL,
  `nomuniversite` varchar(255) COLLATE utf8_unicode_ci NOT NULL
) ENGINE=InnoDB DEFAULT CHARSET=utf8 COLLATE=utf8_unicode_ci;

-- --------------------------------------------------------

--
-- Structure de la table `t__universite`
--

CREATE TABLE `t__universite` (
  `id` int(11) NOT NULL,
  `nometablissement` varchar(255) COLLATE utf8_unicode_ci NOT NULL,
  `siteinternet` varchar(255) COLLATE utf8_unicode_ci NOT NULL,
  `description` text COLLATE utf8_unicode_ci NOT NULL,
  `adresse_id` int(11) DEFAULT NULL,
  `longetitude` double NOT NULL,
  `latitude` double NOT NULL,
  `telephone` varchar(20) COLLATE utf8_unicode_ci NOT NULL,
  `classement` int(11) NOT NULL,
  `bourse` tinyint(1) NOT NULL,
  `montantbourse` double NOT NULL,
  `logement` tinyint(1) NOT NULL,
  `partenaire` tinyint(1) NOT NULL,
  `type` varchar(255) COLLATE utf8_unicode_ci NOT NULL,
  `taille` int(11) NOT NULL
) ENGINE=InnoDB DEFAULT CHARSET=utf8 COLLATE=utf8_unicode_ci;

--
-- Contenu de la table `t__universite`
--

INSERT INTO `t__universite` (`id`, `nometablissement`, `siteinternet`, `description`, `adresse_id`, `longetitude`, `latitude`, `telephone`, `classement`, `bourse`, `montantbourse`, `logement`, `partenaire`, `type`, `taille`) VALUES
(1, 'Université européenne de Madrid', 'http://internacional.universidadeuropea.es/notre-emplacement/madrid', '<p>&Agrave; Madrid, nous disposons de 2 campus dot&eacute;s d&#39;installations modernes et de ressources de formation d&#39;avant-garde. Notre Campus de Villaviciosa de Od&oacute;n est compos&eacute; de cinq b&acirc;timents d&#39;enseignement, de deux r&eacute;sidences universitaires d&#39;une capacit&eacute; d&#39;accueil de plus de 550 &eacute;tudiants et d&#39;un vaste complexe sportif &eacute;quip&eacute; de piscines, d&#39;une salle de sport, d&#39;une piste d&#39;athl&eacute;tisme, de courts de tennis, de terrains de football, de courts de padel, d&#39;un terrain de beach-volley et d&#39;une salle omnisports. Notre Campus d&#39;Alcobendas est un endroit unique o&ugrave; l&#39;universit&eacute; se trouve en contact permanent avec le monde des entreprises ; il est id&eacute;al afin d&#39;encourager l&#39;esprit d&#39;entreprise des &eacute;l&egrave;ves et est dot&eacute; d&#39;espaces consacr&eacute;s &agrave; l&#39;apprentissage, au travail et &agrave; la cr&eacute;ativit&eacute;.</p>', 1, -3.919, 40.373, '+34 902 23 23 50', 162, 0, 0, 1, 0, 'Privée', 0),
(2, 'Université européenne de Valence\r\n', 'http://internacional.universidadeuropea.es/notre-emplacement/valencia', 'À Valence, nous disposons d\'installations modernes pour le développement académique et professionnel des étudiants ainsi que de leurs compétences. Notre Campus urbain, au centre de Valence et en contact avec l\'activité professionnelle de la ville, est facilement accessible en transport public.', 2, 0, 0, '', 0, 0, 0, 0, 0, '', 0),
(3, 'Universidad Europea de Canarias', 'http://internacional.universidadeuropea.es/notre-emplacement/canarias', 'Aux Îles Canaries, nous sommes la première université internationale des Îles. Sur notre Campus de La Orotava (Tenerife), nous offrons un modèle académique unique et avant-gardiste dans tout l\'archipel, visant principalement à faire de nos étudiants des professionnels ayant une employabilité élevée', 3, 0, 0, '', 0, 0, 0, 0, 0, '', 0),
(4, 'Universidad Católica San Antonio de Murcia', 'http://international.ucam.edu/', 'The Catholic University of Saint Anthony (UCAM), is characterized by offering students an integral education based on the combination of in-depth theoretical and practical knowledge, in addition to a values-based education rooted in the principles of Christian humanism. Renowned professors and a team of personal tutors keep track of their students from the beginning of their studies until the end, always with the aim of providing tools to improve their student\'s performance, while strengthening their education.\r\n\r\nOur goal is to train professionals capable of transforming society, creating equality and promoting improvements that enable the shaping of a fairer world, respecting the dignity of man from conception to natural death.\r\n\r\nSince its inception UCAM has been committed to quality throughout its education and research endeavors, hereby developing and implementing interactive methods of teaching and learning: small groups, tutorial support sessions, teamwork, internship programs across all degrees, end-of-degree projects, new technologies, a WIFI network throughout the campus, a virtual platform, as well as numerous computer stations. Hence, it is not surprising that UCAM has successfully adapted to the European Higher Education Area.\r\n\r\nUCAM is accredited by ANECA (National Agency for Quality Assessment and Accreditation of Spain) as well as by the Ministry of Education with regards to 17 of its undergraduate degrees. The University also offers more than thirty official Master Degrees and Doctoral Studies. Currently, the implementation process of the undergraduate degrees is effective; eight degrees are in the process with favorable results. This is the result of the work, effort, and responsibility of our highly qualified professors, specialized in both academic and research tasks. This is attested by the high number of Doctors and the wide range of research lines. Another one of UCAM\'s distinguishing features is its focus on internationalization - a key aspect in our globalized world. UCAM has cooperation agreements with prestigious universities around the world such as Berkeley, Chicago, Bologna, etc.\r\n\r\nThe Catholic University San Antonio puts significant effort into increasing the employability of recent graduates. Currently, the percentage of students finding a job after graduation lies at 86% in total.\r\n\r\nUCAM works for its students. They are individuals, with a name and a history. Our purpose is to contribute to the personal and professional success of everyone involved by emphasizing the University\'s principles.', 4, 0, 0, '', 0, 0, 0, 0, 0, '', 0),
(6, 'Universidad Francisco de Vitoria de Madrid', 'http://www.ufv.es/inicio', 'Estimados amigos,\r\n\r\nAntes de nada, permíteme darte la enhorabuena. Termina ahora una etapa en la que seguramente muchas de las decisiones importantes sobre tu vida no las has tomado tú mismo. Sin embargo, se abre ante ti una nueva, más decisiva si cabe, en la que, si quieres, vas a tener todo el protagonismo.\r\n\r\nLas decisiones que vayas a tomar a partir de hoy mismo son las que conformarán tu futuro: qué estudiar, dónde hacerlo, qué profesión elegir, con quién vas a compartir tu vida... en resumen, quién quieres ser y cuál va a ser tu papel en el mundo.\r\n\r\nNuestra invitación es clara, atrévete a cambiarlo, haz que tu paso por el mundo lo haga mejor, sé el protagonista de tu vida.\r\n\r\nEn unos meses vas a comenzar la que puede ser, la mejor etapa de tu vida. Espero que la aproveches, que la exprimas, que aprendas de tus profesores, de tus compañeros, de ti mismo y de aquéllos que más te necesitan. Que consideres este proyecto como tuyo, que te sientas parte de él, que te sientas responsable de lo que aquí sucede, que participes en la construcción de la Universidad.\r\n\r\nLa Universidad no es un producto, no es un servicio que te ofrecemos. La Universidad es una experiencia vital y por eso, como tantas cosas importantes, es muy difícil explicarla con palabras. Si de verdad quieres conocernos, ven a vernos, piérdete en nuestros pasillos, cuélate en nuestras aulas, charla con profesores y alumnos en la cafetería y vive, por un día la Universidad con mayúsculas.\r\n\r\nSi después de hacerlo, quieres unirte a esta comunidad, sé bienvenido, nuestras puertas están siempre abiertas a quienes quieren crecer en todos los sentidos.', 5, 0, 0, '', 0, 0, 0, 0, 0, '', 0),
(8, 'Université Camilo José Cela\r\n', 'http://www.ucjc.edu/', 'En la Universidad Camilo José Cela te ofrecemos una educación diferente. Una formación activa que te brinda la posibilidad de experimentar al máximo los años universitarios dentro y fuera de las aulas para convertirte en el profesional que quieres ser.', 15, 0, 0, '', 0, 0, 0, 0, 0, '', 0),
(9, 'Blanquerna - Universitat Ramon Llull\r\n', 'http://www.blanquerna.edu/en/', 'A university and professional community of a very special kind, a non-profit maker and cofounder of the Universitat Ramon Llull, Catalonia’s first private university of which ESADE, IQS, La Salle, Pere Tarrés, Facultat de Filosofia, Observatori de l\'Ebre, Vidal i Barraquer, Institut Borja, Turisme Sant Ignasi and ESDI are all part.\r\n\r\nStarting with the teaching school, founded during the dictatorship in order to contribute to pedagogical progress in our country, other schools belonging to our university have gradually become established, all of them located in emblematic parts of Barcelona and all creating a new concept of urban campus: The Faculty of Psychology, Sciences of Education and Sport, the School of Health Science and the School of Communication and International Relations.\r\n\r\nIn Blanquerna, students, teachers, services and companies become one in order to Be and Know, deeply rooted in the humanistic tradition inspired by the scholar Ramon Llull and a desire to educate the top-level professionals that society needs.\r\nI hope our website provides you with all the help you need, and that it will lead to a future full of academic, professional and personal successes.', 16, 0, 0, '', 0, 0, 0, 0, 0, '', 0),
(10, 'San Jorge University\r\n', 'https://www.usj.es/', 'Alumni es la unidad de la Universidad San Jorge que se ocupa de atender las necesidades de todos sus egresados.\r\n\r\nSus fines primordiales son ayudar a nuestros antiguos alumnos a seguir creciendo a lo largo de su carrera profesional y generar espacios de encuentro que sirvan para fortalecer la comunidad USJ.\r\n\r\nAdemás de mantener el contacto y fomentar las oportunidades de encuentro entre antiguos estudiantes, la USJ organiza workshops, charlas y talleres con profesionales de diferentes áreas para abordar temáticas que puedan ser de interés para el futuro profesional de los alumni.\r\n\r\nEn este sentido, la Universidad San Jorge imparte formación destinada a egresados relacionada con la marca personal en LinkedIn, el mindfulness como herramienta de desarrollo profesional y personal, indicaciones de cómo crear un videocurrículum, qué pasos hay que seguir para ser emprendedor y cómo utilizar twitter como herramienta de posicionamiento profesional, entre otros talleres.\r\n\r\nSi eres antiguo alumno de la Universidad San Jorge, queremos que acudas a nosotros cuando tengas un problema. Asimismo, si quieres plantearnos alguna sugerencia, no dudes en contactar con nosotros.\r\n\r\n¡Os esperamos!', 17, 0, 0, '', 0, 0, 0, 0, 0, '', 0),
(11, 'Catholic University of Ávila\r\n', 'https://www.ucavila.es/estudiaconnosotros.php', '', 18, 0, 0, '', 0, 0, 0, 0, 0, '', 0),
(12, 'L’Université de Manresa\r\n', '', '', 19, 0, 0, '', 0, 0, 0, 0, 0, '', 0),
(13, 'International University of Catalonia\r\n', '', '', 20, 0, 0, '', 0, 0, 0, 0, 0, '', 0),
(14, 'CEU San Pablo University\r\n', '', '', 21, 0, 0, '', 0, 0, 0, 0, 0, '', 0),
(15, 'Université de Navarre\r\n', '', '', 22, 0, 0, '', 0, 0, 0, 0, 0, '', 0),
(16, 'El Centro Antonio de Solis Sevilla\r\n', '', '', 23, 0, 0, '', 0, 0, 0, 0, 0, '', 0),
(17, 'Université européenne de Chypre\r\n', '', '', 39, 0, 0, '', 0, 0, 0, 0, 0, '', 0),
(18, 'McDaniel College Budapest\r\n', '', '', 40, 0, 0, '', 0, 0, 0, 0, 0, '', 0),
(19, 'Université de Budapest\r\n', '', '', 41, 0, 0, '', 0, 0, 0, 0, 0, '', 0),
(20, 'Université de Pécs\r\n', '', '', 42, 0, 0, '', 0, 0, 0, 0, 0, '', 0),
(21, 'Université de Szeged\r\n', '', '', 43, 0, 0, '', 0, 0, 0, 0, 0, '', 0),
(22, 'Szent István University\r\n', '', '', 44, 0, 0, '', 0, 0, 0, 0, 0, '', 0),
(23, 'Lunex University\r\n', '', '', 45, 0, 0, '', 0, 0, 0, 0, 0, '', 0),
(24, 'Université internationale de Casablanca\r\n', '', '', 46, 0, 0, '', 0, 0, 0, 0, 0, '', 0),
(25, 'Gdańsk Medical University\r\n', '', '', 47, 0, 0, '', 0, 0, 0, 0, 0, '', 0),
(26, 'Université Jagellon\r\n', '', '', 48, 0, 0, '', 0, 0, 0, 0, 0, '', 0),
(27, 'Université de Łódź\r\n', '', '', 49, 0, 0, '', 0, 0, 0, 0, 0, '', 0),
(28, 'Université de Lublin\r\n', '', '', 50, 0, 0, '', 0, 0, 0, 0, 0, '', 0),
(29, 'Université de Poznań\r\n', '', '', 51, 0, 0, '', 0, 0, 0, 0, 0, '', 0),
(30, 'Université de Varsovie\r\n', '', '', 52, 0, 0, '', 0, 0, 0, 0, 0, '', 0),
(31, 'Université de Wrocław  \r\n', '', '', 53, 0, 0, '', 0, 0, 0, 0, 0, '', 0),
(52, 'Universidade Atlântica\r\n', '', '', 74, 0, 0, '', 0, 0, 0, 0, 0, '', 0),
(53, 'Instituto Piaget de Almada\r\n', '', '', 75, 0, 0, '', 0, 0, 0, 0, 0, '', 0),
(54, 'Université Carol Davila de Bucarest\r\n', '', '', 76, 0, 0, '', 0, 0, 0, 0, 0, '', 0),
(55, 'Université Ovidius de Constanta\r\n', '', '', 77, 0, 0, '', 0, 0, 0, 0, 0, '', 0),
(56, 'Université de médecine et pharmacie Grigore T. Popa\n', '', '', 78, 0, 0, '', 0, 0, 0, 0, 0, '', 0),
(58, 'Université Victor Babes de Timisoara\r\n', '', '', 79, 0, 0, '', 0, 0, 0, 0, 0, '', 0),
(59, 'Université de Târgu Mures \r\n', '', '', 80, 0, 0, '', 0, 0, 0, 0, 0, '', 0),
(60, 'Université Vasile Goldis d’Arad\r\n', '', '', 81, 0, 0, '', 0, 0, 0, 0, 0, '', 0),
(61, 'Université  Iuliu Hațieganu\r\n', '', '', 82, 0, 0, '', 0, 0, 0, 0, 0, '', 0),
(62, 'Université de Oradea', 'http://arhiva-www.uoradea.ro/', '<p>L&#39;universit&eacute; de Oradea est une universit&eacute; publique de Roumanie, fond&eacute;e en 1990</p>', 83, 21.91799, 47.044763, '+40 259 408 105', 0, 0, 0, 0, 0, 'Publique', 35000),
(63, 'test', 'test', '<p>test</p>', 84, 1, 1, 'test', 1, 0, 1, 0, 0, 'test', 10);

-- --------------------------------------------------------

--
-- Structure de la table `t__ville__universite`
--

CREATE TABLE `t__ville__universite` (
  `id` int(11) NOT NULL,
  `pays_id` int(11) NOT NULL,
  `codepostal` varchar(255) COLLATE utf8_unicode_ci NOT NULL,
  `commune` varchar(255) COLLATE utf8_unicode_ci NOT NULL,
  `region` varchar(255) COLLATE utf8_unicode_ci NOT NULL
) ENGINE=InnoDB DEFAULT CHARSET=utf8 COLLATE=utf8_unicode_ci;

--
-- Contenu de la table `t__ville__universite`
--

INSERT INTO `t__ville__universite` (`id`, `pays_id`, `codepostal`, `commune`, `region`) VALUES
(1, 1, '28670', 'Madrid', ''),
(2, 1, '46021', 'Valencia', ''),
(3, 1, '38300', 'Santa Cruz de Tenerife', ''),
(4, 1, '30107', 'Murcia', ''),
(5, 1, '28223', 'Madrid', ''),
(6, 1, '28692', 'Madrid', ''),
(7, 1, '8022', 'Barcelone', ''),
(8, 1, '50830', 'Zaragoza', ''),
(9, 1, '5005\r\n', ' Ávila\r\n\r\n', ''),
(10, 1, '8242\r\n\r\n', 'Barcelona\r\n', ''),
(11, 1, '8017\r\n', 'Barcelone\r\n', ''),
(12, 1, '28003\r\n', 'Madrid\r\n', ''),
(13, 1, '31008\r\n', 'Navarra\r\n', ''),
(14, 1, '41020', 'Sevilla', ''),
(15, 2, '1516', 'Egkomi', ''),
(16, 3, '1071', 'Budapest\r\n', ''),
(17, 3, 'H-1111\r\n\r\n', 'Budapest\r\n\r\n', ''),
(18, 3, '7622\r\n', 'Pécs\r\n ', ''),
(19, 3, 'H-6720\r\n', 'Szeged\r\n', ''),
(20, 3, '2100', 'Gödöllő', ''),
(21, 4, '4671', 'Differdange', ''),
(22, 5, '3020', 'CASABLANCA', ''),
(23, 6, '80-001\r\n', 'Gdańsk\r\n', ''),
(24, 6, '31-007\r\n', 'KraKow\r\n', ''),
(25, 6, '90-136\r\n\r\n', 'Łódź\r\n', ''),
(26, 6, '20-001\r\n', 'Lublin\r\n', ''),
(27, 6, '60-512\r\n', 'Poznan\r\n', ''),
(28, 6, '00-927\r\n', 'Varsovie\r\n', ''),
(29, 6, '50-137', 'Wroclaw\r\n', ''),
(30, 7, '2730-036', 'Barcarena', ''),
(31, 7, '2805-059', 'Almada', ''),
(32, 8, '30167\r\n', 'București\r\n\r\n', ''),
(33, 8, '900001\r\n', 'Constanta\r\n', ''),
(34, 8, '700115\r\n', 'lasi\r\n', ''),
(35, 8, '300041\r\n\r\n', 'Timisoara\r\n', ''),
(36, 8, '5401389', 'Targu Mures\r\n', ''),
(37, 8, '75 310130', 'Arad', 'Arad'),
(38, 8, '400xxx', 'Cluj-Napoca', 'la vallée du Someșul Mic'),
(39, 8, '410100', 'Oradea', 'Transylvanie'),
(40, 9, 'test', 'test', 'test');

--
-- Index pour les tables exportées
--

--
-- Index pour la table `e_a__demande__inscription`
--
ALTER TABLE `e_a__demande__inscription`
  ADD PRIMARY KEY (`id`),
  ADD UNIQUE KEY `UNIQ_8E069C48D553BD36` (`documentinscription_id`),
  ADD KEY `IDX_8E069C4853D0E798` (`physique_id`);

--
-- Index pour la table `e_a__document`
--
ALTER TABLE `e_a__document`
  ADD PRIMARY KEY (`id`);

--
-- Index pour la table `e_a__document__inscription`
--
ALTER TABLE `e_a__document__inscription`
  ADD PRIMARY KEY (`id`);

--
-- Index pour la table `e_a__f_a_q`
--
ALTER TABLE `e_a__f_a_q`
  ADD PRIMARY KEY (`id`);

--
-- Index pour la table `e_a__image`
--
ALTER TABLE `e_a__image`
  ADD PRIMARY KEY (`id`);

--
-- Index pour la table `e_a__langue`
--
ALTER TABLE `e_a__langue`
  ADD PRIMARY KEY (`id`),
  ADD KEY `IDX_320D6FAD338B5CE8` (`morale_id`);

--
-- Index pour la table `e_a__morale`
--
ALTER TABLE `e_a__morale`
  ADD PRIMARY KEY (`id`),
  ADD UNIQUE KEY `UNIQ_C3233FE4A21BD112` (`personne_id`);

--
-- Index pour la table `e_a__personne`
--
ALTER TABLE `e_a__personne`
  ADD PRIMARY KEY (`id`);

--
-- Index pour la table `e_a__physique`
--
ALTER TABLE `e_a__physique`
  ADD PRIMARY KEY (`id`),
  ADD UNIQUE KEY `UNIQ_DC3207A6A21BD112` (`personne_id`),
  ADD UNIQUE KEY `UNIQ_DC3207A63DA5256D` (`image_id`),
  ADD UNIQUE KEY `UNIQ_DC3207A65F0F2752` (`documents_id`);

--
-- Index pour la table `fos_user`
--
ALTER TABLE `fos_user`
  ADD PRIMARY KEY (`id`),
  ADD UNIQUE KEY `UNIQ_957A647992FC23A8` (`username_canonical`),
  ADD UNIQUE KEY `UNIQ_957A6479A0D96FBF` (`email_canonical`),
  ADD UNIQUE KEY `UNIQ_957A6479C05FB297` (`confirmation_token`),
  ADD KEY `IDX_957A647953D0E798` (`physique_id`);

--
-- Index pour la table `t_formation_universite_t_universite`
--
ALTER TABLE `t_formation_universite_t_universite`
  ADD PRIMARY KEY (`t_formation_universite_id`,`t_universite_id`),
  ADD KEY `IDX_10414090FA948F84` (`t_formation_universite_id`),
  ADD KEY `IDX_10414090F4A759E` (`t_universite_id`);

--
-- Index pour la table `t_langue_universite_t_formation_universite`
--
ALTER TABLE `t_langue_universite_t_formation_universite`
  ADD PRIMARY KEY (`t_langue_universite_id`,`t_formation_universite_id`),
  ADD KEY `IDX_18AC4E06814C7349` (`t_langue_universite_id`),
  ADD KEY `IDX_18AC4E06FA948F84` (`t_formation_universite_id`);

--
-- Index pour la table `t__adresse__universite`
--
ALTER TABLE `t__adresse__universite`
  ADD PRIMARY KEY (`id`),
  ADD KEY `IDX_86296BDFA73F0036` (`ville_id`);

--
-- Index pour la table `t__document__universite`
--
ALTER TABLE `t__document__universite`
  ADD PRIMARY KEY (`id`),
  ADD KEY `IDX_62DE32FA2A52F05F` (`universite_id`);

--
-- Index pour la table `t__formation__universite`
--
ALTER TABLE `t__formation__universite`
  ADD PRIMARY KEY (`id`);

--
-- Index pour la table `t__image__universite`
--
ALTER TABLE `t__image__universite`
  ADD PRIMARY KEY (`id`),
  ADD KEY `IDX_207771F82A52F05F` (`universite_id`);

--
-- Index pour la table `t__langue__universite`
--
ALTER TABLE `t__langue__universite`
  ADD PRIMARY KEY (`id`);

--
-- Index pour la table `t__pays__universite`
--
ALTER TABLE `t__pays__universite`
  ADD PRIMARY KEY (`id`);

--
-- Index pour la table `t__search__universite`
--
ALTER TABLE `t__search__universite`
  ADD PRIMARY KEY (`id`);

--
-- Index pour la table `t__universite`
--
ALTER TABLE `t__universite`
  ADD PRIMARY KEY (`id`),
  ADD UNIQUE KEY `UNIQ_87610DDA4DE7DC5C` (`adresse_id`);

--
-- Index pour la table `t__ville__universite`
--
ALTER TABLE `t__ville__universite`
  ADD PRIMARY KEY (`id`),
  ADD KEY `IDX_96A3DE36A6E44244` (`pays_id`);

--
-- AUTO_INCREMENT pour les tables exportées
--

--
-- AUTO_INCREMENT pour la table `e_a__demande__inscription`
--
ALTER TABLE `e_a__demande__inscription`
  MODIFY `id` int(11) NOT NULL AUTO_INCREMENT, AUTO_INCREMENT=32;
--
-- AUTO_INCREMENT pour la table `e_a__document`
--
ALTER TABLE `e_a__document`
  MODIFY `id` int(11) NOT NULL AUTO_INCREMENT, AUTO_INCREMENT=11;
--
-- AUTO_INCREMENT pour la table `e_a__document__inscription`
--
ALTER TABLE `e_a__document__inscription`
  MODIFY `id` int(11) NOT NULL AUTO_INCREMENT, AUTO_INCREMENT=34;
--
-- AUTO_INCREMENT pour la table `e_a__f_a_q`
--
ALTER TABLE `e_a__f_a_q`
  MODIFY `id` int(11) NOT NULL AUTO_INCREMENT, AUTO_INCREMENT=9;
--
-- AUTO_INCREMENT pour la table `e_a__image`
--
ALTER TABLE `e_a__image`
  MODIFY `id` int(11) NOT NULL AUTO_INCREMENT, AUTO_INCREMENT=10;
--
-- AUTO_INCREMENT pour la table `e_a__langue`
--
ALTER TABLE `e_a__langue`
  MODIFY `id` int(11) NOT NULL AUTO_INCREMENT;
--
-- AUTO_INCREMENT pour la table `e_a__morale`
--
ALTER TABLE `e_a__morale`
  MODIFY `id` int(11) NOT NULL AUTO_INCREMENT, AUTO_INCREMENT=3;
--
-- AUTO_INCREMENT pour la table `e_a__personne`
--
ALTER TABLE `e_a__personne`
  MODIFY `id` int(11) NOT NULL AUTO_INCREMENT, AUTO_INCREMENT=10;
--
-- AUTO_INCREMENT pour la table `e_a__physique`
--
ALTER TABLE `e_a__physique`
  MODIFY `id` int(11) NOT NULL AUTO_INCREMENT, AUTO_INCREMENT=6;
--
-- AUTO_INCREMENT pour la table `fos_user`
--
ALTER TABLE `fos_user`
  MODIFY `id` int(11) NOT NULL AUTO_INCREMENT, AUTO_INCREMENT=6;
--
-- AUTO_INCREMENT pour la table `t__adresse__universite`
--
ALTER TABLE `t__adresse__universite`
  MODIFY `id` int(11) NOT NULL AUTO_INCREMENT, AUTO_INCREMENT=85;
--
-- AUTO_INCREMENT pour la table `t__document__universite`
--
ALTER TABLE `t__document__universite`
  MODIFY `id` int(11) NOT NULL AUTO_INCREMENT, AUTO_INCREMENT=28;
--
-- AUTO_INCREMENT pour la table `t__formation__universite`
--
ALTER TABLE `t__formation__universite`
  MODIFY `id` int(11) NOT NULL AUTO_INCREMENT, AUTO_INCREMENT=153;
--
-- AUTO_INCREMENT pour la table `t__image__universite`
--
ALTER TABLE `t__image__universite`
  MODIFY `id` int(11) NOT NULL AUTO_INCREMENT, AUTO_INCREMENT=8;
--
-- AUTO_INCREMENT pour la table `t__langue__universite`
--
ALTER TABLE `t__langue__universite`
  MODIFY `id` int(11) NOT NULL AUTO_INCREMENT, AUTO_INCREMENT=28;
--
-- AUTO_INCREMENT pour la table `t__pays__universite`
--
ALTER TABLE `t__pays__universite`
  MODIFY `id` int(11) NOT NULL AUTO_INCREMENT, AUTO_INCREMENT=10;
--
-- AUTO_INCREMENT pour la table `t__search__universite`
--
ALTER TABLE `t__search__universite`
  MODIFY `id` int(11) NOT NULL AUTO_INCREMENT;
--
-- AUTO_INCREMENT pour la table `t__universite`
--
ALTER TABLE `t__universite`
  MODIFY `id` int(11) NOT NULL AUTO_INCREMENT, AUTO_INCREMENT=64;
--
-- AUTO_INCREMENT pour la table `t__ville__universite`
--
ALTER TABLE `t__ville__universite`
  MODIFY `id` int(11) NOT NULL AUTO_INCREMENT, AUTO_INCREMENT=41;
--
-- Contraintes pour les tables exportées
--

--
-- Contraintes pour la table `e_a__demande__inscription`
--
ALTER TABLE `e_a__demande__inscription`
  ADD CONSTRAINT `FK_8E069C4853D0E798` FOREIGN KEY (`physique_id`) REFERENCES `e_a__physique` (`id`),
  ADD CONSTRAINT `FK_8E069C48D553BD36` FOREIGN KEY (`documentinscription_id`) REFERENCES `e_a__document__inscription` (`id`);

--
-- Contraintes pour la table `e_a__langue`
--
ALTER TABLE `e_a__langue`
  ADD CONSTRAINT `FK_320D6FAD338B5CE8` FOREIGN KEY (`morale_id`) REFERENCES `e_a__morale` (`id`);

--
-- Contraintes pour la table `e_a__morale`
--
ALTER TABLE `e_a__morale`
  ADD CONSTRAINT `FK_C3233FE4A21BD112` FOREIGN KEY (`personne_id`) REFERENCES `e_a__personne` (`id`);

--
-- Contraintes pour la table `e_a__physique`
--
ALTER TABLE `e_a__physique`
  ADD CONSTRAINT `FK_DC3207A63DA5256D` FOREIGN KEY (`image_id`) REFERENCES `e_a__image` (`id`),
  ADD CONSTRAINT `FK_DC3207A65F0F2752` FOREIGN KEY (`documents_id`) REFERENCES `e_a__document` (`id`),
  ADD CONSTRAINT `FK_DC3207A6A21BD112` FOREIGN KEY (`personne_id`) REFERENCES `e_a__personne` (`id`);

--
-- Contraintes pour la table `fos_user`
--
ALTER TABLE `fos_user`
  ADD CONSTRAINT `FK_957A647953D0E798` FOREIGN KEY (`physique_id`) REFERENCES `e_a__physique` (`id`);

--
-- Contraintes pour la table `t_formation_universite_t_universite`
--
ALTER TABLE `t_formation_universite_t_universite`
  ADD CONSTRAINT `FK_10414090F4A759E` FOREIGN KEY (`t_universite_id`) REFERENCES `t__universite` (`id`) ON DELETE CASCADE,
  ADD CONSTRAINT `FK_10414090FA948F84` FOREIGN KEY (`t_formation_universite_id`) REFERENCES `t__formation__universite` (`id`) ON DELETE CASCADE;

--
-- Contraintes pour la table `t_langue_universite_t_formation_universite`
--
ALTER TABLE `t_langue_universite_t_formation_universite`
  ADD CONSTRAINT `FK_18AC4E06814C7349` FOREIGN KEY (`t_langue_universite_id`) REFERENCES `t__langue__universite` (`id`) ON DELETE CASCADE,
  ADD CONSTRAINT `FK_18AC4E06FA948F84` FOREIGN KEY (`t_formation_universite_id`) REFERENCES `t__formation__universite` (`id`) ON DELETE CASCADE;

--
-- Contraintes pour la table `t__adresse__universite`
--
ALTER TABLE `t__adresse__universite`
  ADD CONSTRAINT `FK_86296BDFA73F0036` FOREIGN KEY (`ville_id`) REFERENCES `t__ville__universite` (`id`);

--
-- Contraintes pour la table `t__document__universite`
--
ALTER TABLE `t__document__universite`
  ADD CONSTRAINT `FK_62DE32FA2A52F05F` FOREIGN KEY (`universite_id`) REFERENCES `t__universite` (`id`);

--
-- Contraintes pour la table `t__image__universite`
--
ALTER TABLE `t__image__universite`
  ADD CONSTRAINT `FK_207771F82A52F05F` FOREIGN KEY (`universite_id`) REFERENCES `t__universite` (`id`);

--
-- Contraintes pour la table `t__universite`
--
ALTER TABLE `t__universite`
  ADD CONSTRAINT `FK_87610DDA4DE7DC5C` FOREIGN KEY (`adresse_id`) REFERENCES `t__adresse__universite` (`id`);

--
-- Contraintes pour la table `t__ville__universite`
--
ALTER TABLE `t__ville__universite`
  ADD CONSTRAINT `FK_96A3DE36A6E44244` FOREIGN KEY (`pays_id`) REFERENCES `t__pays__universite` (`id`);

/*!40101 SET CHARACTER_SET_CLIENT=@OLD_CHARACTER_SET_CLIENT */;
/*!40101 SET CHARACTER_SET_RESULTS=@OLD_CHARACTER_SET_RESULTS */;
/*!40101 SET COLLATION_CONNECTION=@OLD_COLLATION_CONNECTION */;
